date,rf
2020-01-02,6.719980369829237e-05
2020-01-03,9.117368978261986e-05
2020-01-06,-5.324507845416715e-05
2020-01-07,8.948994910795705e-05
2020-01-08,4.209275123767675e-05
2020-01-09,4.2090979512909854e-05
2020-01-10,4.208920793691284e-05
2020-01-13,-2.3132206692588753e-05
2020-01-14,4.2920990817263416e-05
2020-01-15,4.291914868459479e-05
2020-01-16,8.47198781817049e-05
2020-01-17,2.173549573658562e-05
2020-01-21,4.262863189663513e-05
2020-01-22,6.18506724170409e-05
2020-01-23,4.234558903837282e-05
2020-01-24,6.100849550261245e-05
2020-01-27,2.4232734524787247e-05
2020-01-28,7.241791151191279e-06
2020-01-29,6.0162136959140966e-05
2020-01-30,2.562307235121075e-05
2020-01-31,7.631023843890361e-05
2020-02-03,-6.1339019646888815e-06
2020-02-04,4.2937577127366566e-05
2020-02-05,4.293573357094793e-05
2020-02-06,4.29338901728471e-05
2020-02-07,6.60707475528266e-05
2020-02-10,-1.9511613172928932e-06
2020-02-11,6.522466272729233e-05
2020-02-12,2.1182696858357275e-05
2020-02-13,2.173967574448099e-05
2020-02-14,6.466019395823253e-05
2020-02-18,4.3191308236822934e-05
2020-02-19,4.3189442828328595e-05
2020-02-20,4.318757758103864e-05
2020-02-21,8.163492748969325e-05
2020-02-24,9.777842406255566e-05
2020-02-25,4.1781565973009194e-05
2020-02-26,4.177982034692107e-05
2020-02-27,0.00018215240641694663
2020-02-28,0.0003330498511022739
2020-03-02,0.0004110209342018667
2020-03-03,0.0004520765438289498
2020-03-04,0.0005649099331990204
2020-03-05,0.0002618433325392022
2020-03-06,0.0003997559735977596
2020-03-09,0.0003125504001422197
2020-03-10,-0.0002418450946030104
2020-03-11,5.700027304511579e-05
2020-03-12,0.00018934133404724385
2020-03-13,0.00014093668690384753
2020-03-16,7.08742632204995e-05
2020-03-17,0.00011088951735538366
2020-03-18,0.0003548626887031059
2020-03-19,-4.000164451212207e-05
2020-03-20,-1.8890421111916744e-05
2020-03-23,5.889461475416802e-05
2020-03-24,1.944518984342558e-05
2020-03-25,9.333509632947212e-05
2020-03-26,1.7220940218942715e-05
2020-03-27,-0.00014581996650309126
2020-03-30,-0.00015417476084178539
2020-03-31,2.0281969385083087e-05
2020-04-01,5.3070312050707e-05
2020-04-02,2.500562626517322e-06
2020-04-03,-2.194932816990125e-05
2020-04-06,-0.0001153053229382417
2020-04-07,2.750974303400433e-05
2020-04-08,-0.00018061455631057655
2020-04-09,-6.225379873248116e-05
2020-04-13,-1.4730303430465774e-05
2020-04-14,0.00013563196156063384
2020-04-15,0.00013227880815680493
2020-04-16,3.8900386112317165e-06
2020-04-17,4.5013128829207716e-05
2020-04-20,3.3341335254899462e-06
2020-04-21,2.2783169794537983e-05
2020-04-22,-1.6114557836011123e-05
2020-04-23,2.2227334509183905e-05
2020-04-24,-1.5558788326042183e-05
2020-04-27,3.3340557119565517e-06
2020-04-28,2.0837778726079392e-05
2020-04-29,2.0281682001632717e-05
2020-04-30,1.97256194123252e-05
2020-05-01,-7.335020388021807e-05
2020-05-04,-2.1117375932577787e-05
2020-05-05,3.6122590068021765e-06
2020-05-06,2.750864229827954e-05
2020-05-07,2.6952170733451908e-05
2020-05-08,-2.0283045735425276e-05
2020-05-11,3.334244693675714e-06
2020-05-12,-1.8893990266333205e-05
2020-05-13,3.6121546223011336e-06
2020-05-14,2.528499102383286e-05
2020-05-15,3.3342002254688197e-06
2020-05-18,-1.7226528854497047e-05
2020-05-19,3.6120763382552212e-06
2020-05-20,2.361733690348089e-05
2020-05-21,3.3341335254899462e-06
2020-05-22,3.3341224090488453e-06
2020-05-26,-3.334077944083802e-05
2020-05-27,-1.4170303711313892e-05
2020-05-28,4.167795444764977e-06
2020-05-29,2.167244598560991e-05
2020-06-01,3.890280744878183e-06
2020-06-02,-2.111858474351802e-05
2020-06-03,-2.0563266780571077e-05
2020-06-04,2.8900320571345617e-05
2020-06-05,4.1681950049277106e-06
2020-06-08,-4.251505741614814e-05
2020-06-09,-4.140531299634542e-05
2020-06-10,5.0855610916222815e-05
2020-06-11,4.724051479998437e-06
2020-06-12,2.695475463809771e-05
2020-06-15,-3.8346626830665365e-05
2020-06-16,2.6121167760573272e-05
2020-06-17,4.723917583770998e-06
2020-06-18,2.528673349577737e-05
2020-06-19,2.4730355761448664e-05
2020-06-22,-1.5282298791330362e-05
2020-06-23,4.44582759073775e-06
2020-06-24,2.3340491084100634e-05
2020-06-25,-1.4448538196987215e-05
2020-06-26,4.112335673278622e-05
2020-06-29,3.889857031369459e-06
2020-06-30,-3.0563043501241616e-05
2020-07-01,5.5022498087975436e-05
2020-07-02,3.890265610762e-06
2020-07-06,-2.0006768956748466e-05
2020-07-07,4.1681602573895304e-06
2020-07-08,4.168142884175552e-06
2020-07-09,5.02953811611917e-05
2020-07-10,3.612193765878402e-06
2020-07-13,-1.8338631159964258e-05
2020-07-14,-1.778324118473229e-05
2020-07-15,-1.722782126400979e-05
2020-07-16,0.00011003765733152981
2020-07-17,3.056265288181592e-06
2020-07-20,-3.6952686946478686e-05
2020-07-21,3.6120502440173397e-06
2020-07-22,3.612037197342488e-06
2020-07-23,2.2783536949511074e-05
2020-07-24,2.2227334509183905e-05
2020-07-27,3.056171883564218e-06
2020-07-28,3.0561625434799566e-06
2020-07-29,3.056153203395695e-06
2020-07-30,3.7507220139954e-05
2020-07-31,2.5003875601115055e-06
2020-08-03,-2.2227223347548453e-05
2020-08-04,2.722895382456514e-05
2020-08-05,-2.1671434382142252e-05
2020-08-06,2.7784492362403768e-06
2020-08-07,2.7784415168596865e-06
2020-08-10,-2.000461217432914e-05
2020-08-11,3.0563213337941875e-06
2020-08-12,3.056311992599703e-06
2020-08-13,2.500611260525254e-05
2020-08-14,2.778387479418498e-06
2020-08-17,2.778364321498472e-06
2020-08-18,2.3338195457522914e-05
2020-08-19,-3.806259713623472e-05
2020-08-20,3.0562372663744952e-06
2020-08-21,2.278278999168215e-05
2020-08-24,-3.5006709619200826e-05
2020-08-25,2.1949419646283275e-05
2020-08-26,3.0561812236484798e-06
2020-08-27,3.056171883564218e-06
2020-08-28,2.0837471886858694e-05
2020-08-31,-1.416910690166251e-05
2020-09-01,-2.1950547916316232e-05
2020-09-02,3.3343336334201723e-06
2020-09-03,2.778602096409344e-05
2020-09-04,3.0563773814051842e-06
2020-09-08,-4.306660931852058e-05
2020-09-09,2.63968005964621e-05
2020-09-10,3.334244693675714e-06
2020-09-11,2.5562457419026074e-05
2020-09-14,3.0562839699044275e-06
2020-09-15,3.056274629154032e-06
2020-09-16,-1.7781907131753094e-05
2020-09-17,6.501625406363232e-05
2020-09-18,-1.778106727523543e-05
2020-09-21,2.7783257254831994e-06
2020-09-22,2.7783180061025092e-06
2020-09-23,-1.6114199665961948e-05
2020-09-24,2.1671169454062778e-05
2020-09-25,2.778294849514751e-06
2020-09-28,-1.4724839971558268e-05
2020-09-29,3.7507220139954e-05
2020-09-30,-1.4446683680446881e-05
2020-10-01,2.806272714117597e-05
2020-10-02,2.5005688795154413e-06
2020-10-05,-2.1671434382142252e-05
2020-10-06,2.7784492362403768e-06
2020-10-07,2.7784415168596865e-06
2020-10-08,2.611727769030736e-05
2020-10-09,-2.055987312887808e-05
2020-10-12,2.7784029184019232e-06
2020-10-13,-1.917092687275801e-05
2020-10-14,-1.8615604711280653e-05
2020-10-15,2.472865167169047e-05
2020-10-16,3.056274629154032e-06
2020-10-19,3.0562466066808014e-06
2020-10-20,2.3060699372745574e-05
2020-10-21,2.7783334444198005e-06
2020-10-22,2.2226605802977417e-05
2020-10-23,-1.6669583843831326e-05
2020-10-26,-1.5558451156194586e-05
2020-10-27,2.1115369377433524e-05
2020-10-28,2.778279411419504e-06
2020-10-29,2.0281383357190208e-05
2020-10-30,2.500393811999402e-06
2020-11-02,2.5005688795154413e-06
2020-11-03,-2.2227223347548453e-05
2020-11-04,2.7784646761119802e-06
2020-11-05,2.778456956287201e-06
2020-11-06,2.7784492362403768e-06
2020-11-09,-2.028251036356732e-05
2020-11-10,2.583988661575276e-05
2020-11-11,2.778410638004658e-06
2020-11-12,2.7784029184019232e-06
2020-11-13,2.472771727046741e-05
2020-11-16,2.500481342648797e-06
2020-11-17,2.5004750903168116e-06
2020-11-18,2.500468837984826e-06
2020-11-19,4.306352230698529e-05
2020-11-20,1.9447204866462897e-06
2020-11-23,-1.7224566677187525e-05
2020-11-24,-1.6669222614118517e-05
2020-11-25,2.5004250723270616e-06
2020-11-27,2.50041256810718e-06
2020-11-30,1.9725328961328614e-05
2020-12-01,-2.2504500900244473e-05
2020-12-02,2.5005563737412473e-06
2020-12-03,2.6672534624516686e-05
2020-12-04,-2.167085636572974e-05
2020-12-07,2.5560923349488007e-05
2020-12-08,-2.0559347613025025e-05
2020-12-09,2.5005126050858806e-05
2020-12-10,2.222622293990284e-06
2020-12-11,2.222617354386003e-06
2020-12-14,-1.8892121540714513e-05
2020-12-15,2.3337767509179486e-05
2020-12-16,-1.8336389398077024e-05
2020-12-17,2.2781992446319066e-05
2020-12-18,2.222582774713544e-06
2020-12-21,-1.694708065691497e-05
2020-12-22,2.5004313244370024e-06
2020-12-23,2.5004250723270616e-06
2020-12-24,2.500418819995076e-06
2020-12-28,-3.194947648710311e-05
2020-12-29,2.000378960698157e-05
2020-12-30,3.611723097507458e-05
2020-12-31,-1.4168555807381189e-05
2021-01-04,2.500543868189098e-06
2021-01-05,2.500537615635068e-06
2021-01-06,2.500531362858993e-06
2021-01-07,2.500525110304963e-06
2021-01-08,2.5283024005284815e-05
2021-01-11,2.222617354386003e-06
2021-01-12,-1.9447858624066505e-05
2021-01-13,2.5004875949807825e-06
2021-01-14,2.500481342648797e-06
2021-01-15,2.5004750903168116e-06
2021-01-19,2.5004500809888697e-06
2021-01-20,2.194834027480219e-05
2021-01-21,-1.694708065691497e-05
2021-01-22,2.1392579108825416e-05
2021-01-25,-1.583565589613478e-05
2021-01-26,3.8061740588180015e-05
2021-01-27,-1.555749159898312e-05
2021-01-28,1.9447167047825786e-05
2021-01-29,1.8891166324142006e-05
2021-02-01,-2.2781156982731865e-05
2021-02-02,1.944777217488536e-06
2021-02-03,7.362356576434692e-05
2021-02-04,1.111217294180733e-06
2021-02-05,2.444675330459667e-05
2021-02-08,-4.416968492848561e-05
2021-02-09,2.3613767660135565e-05
2021-02-10,-2.08351853497879e-05
2021-02-11,1.3890412975392508e-06
2021-02-12,2.2780245637621377e-05
2021-02-16,1.1112024767001571e-06
2021-02-17,1.1112012419101092e-06
2021-02-18,2.0835000133390125e-05
2021-02-19,-1.86122123336796e-05
2021-02-22,1.9723712458175058e-05
2021-02-23,-1.7500977137929752e-05
2021-02-24,1.9168072325381758e-05
2021-02-25,-1.6945362318221413e-05
2021-02-26,1.1111901290217219e-06
2021-03-01,-2.4169137289531406e-05
2021-03-02,2.6392224572902023e-05
2021-03-03,-2.3613472458494655e-05
2021-03-04,2.5836527015377087e-05
2021-03-05,1.111219763760829e-06
2021-03-08,-2.22243211858153e-05
2021-03-09,1.389050944711201e-06
2021-03-10,2.4169452867539576e-05
2021-03-11,1.1112123547984964e-06
2021-03-12,1.111211120230493e-06
2021-03-15,1.111207415860349e-06
2021-03-16,4.3337041057966985e-05
2021-03-17,5.555790132394378e-07
2021-03-18,2.111199077736714e-05
2021-03-19,2.777834877676355e-07
2021-03-22,-3.8611872623106613e-05
2021-03-23,3.916895152222821e-05
2021-03-24,-1.8611467830886852e-05
2021-03-25,5.55576544103431e-07
2021-03-26,5.555762352393856e-07
2021-03-29,-1.694504693483534e-05
2021-03-30,1.8056503521934886e-05
2021-03-31,-1.6389453414533683e-05
2021-04-01,2.5835292509768237e-05
2021-04-05,-2.333446116553617e-05
2021-04-06,2.4446196421834543e-05
2021-04-07,5.5558179123949e-07
2021-04-08,2.3612213014390093e-05
2021-04-09,-2.2500518761847665e-05
2021-04-12,5.555802480294858e-07
2021-04-13,-2.111203769494807e-05
2021-04-14,2.222366676041254e-05
2021-04-15,5.555793221034833e-07
2021-04-16,5.555790132394378e-07
2021-04-19,5.555780870913907e-07
2021-04-20,-1.9167433363942443e-05
2021-04-21,8.333826417850076e-07
2021-04-22,8.333819472294834e-07
2021-04-23,8.333812526739592e-07
2021-04-26,8.333791690073866e-07
2021-04-27,3.639086006046455e-05
2021-04-28,2.777827161626334e-07
2021-04-29,2.777826391131555e-07
2021-04-30,2.7778256184163297e-07
2021-05-03,-7.389073615726716e-05
2021-05-04,5.0004944933457196e-05
2021-05-05,5.555827173875372e-07
2021-05-06,5.555824087455363e-07
2021-05-07,5.555821001035355e-07
2021-05-10,5.555811741775329e-07
2021-05-11,2.3056605911842e-05
2021-05-12,-2.1944938205509246e-05
2021-05-13,5.555802480294858e-07
2021-05-14,2.222319757372304e-05
2021-05-17,-2.0555989515225193e-05
2021-05-18,5.555787048194816e-07
2021-05-19,2.083418984999419e-05
2021-05-20,2.77783410496113e-07
2021-05-21,2.777833334466351e-07
2021-05-24,-1.8611467830886852e-05
2021-05-25,5.55576544103431e-07
2021-05-26,5.555762352393856e-07
2021-05-27,5.555759268194294e-07
2021-05-28,1.833399539408198e-05
2021-06-01,-2.5000638905092742e-05
2021-06-02,5.555836435355843e-07
2021-06-03,5.555833344494943e-07
2021-06-04,5.55583026029538e-07
2021-06-07,5.555821001035355e-07
2021-06-08,5.5558179123949e-07
2021-06-09,-2.2501050049084093e-05
2021-06-10,8.333909762292535e-07
2021-06-11,8.333902816737293e-07
2021-06-14,8.333881982292013e-07
2021-06-15,8.333875034516325e-07
2021-06-16,-2.0279079018581392e-05
2021-06-17,1.1112049462802531e-06
2021-06-18,-1.9446064949857345e-05
2021-06-21,1.3890277916761562e-06
2021-06-22,2.083538793407058e-05
2021-06-23,-1.8056959985690568e-05
2021-06-24,1.389022003417395e-06
2021-06-25,-1.7223848919112328e-05
2021-06-28,1.944655115426741e-05
2021-06-29,1.8890568050489165e-05
2021-06-30,-1.6112238967913584e-05
2021-07-01,1.3890663805860015e-06
2021-07-02,1.3890644512404293e-06
2021-07-06,1.3890567331920067e-06
2021-07-07,1.38905480362439e-06
2021-07-08,-2.1947035413916183e-05
2021-07-09,1.6669000326707817e-06
2021-07-12,2.3892114324519653e-05
2021-07-13,1.3890432271068676e-06
2021-07-14,-2.028000294496124e-05
2021-07-15,2.3058553167532025e-05
2021-07-16,1.3890374386260618e-06
2021-07-19,1.3890316505893452e-06
2021-07-20,1.3890297210217284e-06
2021-07-21,1.3890277916761562e-06
2021-07-22,1.389025862330584e-06
2021-07-23,1.3890239329850118e-06
2021-07-26,1.3890181447262506e-06
2021-07-27,1.3890162153806784e-06
2021-07-28,1.3890142860351062e-06
2021-07-29,-1.611254333722112e-05
2021-07-30,1.6668416851217671e-06
2021-08-02,2.667071172446356e-05
2021-08-03,1.3890625216728125e-06
2021-08-04,1.389060592549285e-06
2021-08-05,1.3890586627596235e-06
2021-08-06,-2.250271907855428e-05
2021-08-09,1.6669000326707817e-06
2021-08-10,2.4447826393769745e-05
2021-08-11,1.389047085798012e-06
2021-08-12,-2.083567734700864e-05
2021-08-13,1.6668889186721714e-06
2021-08-16,1.6668805831177025e-06
2021-08-17,-1.9169094752080618e-05
2021-08-18,1.9447280505957565e-06
2021-08-19,2.2225420213350944e-05
2021-08-20,2.1669303098548198e-05
2021-08-23,1.3890239329850118e-06
2021-08-24,1.389022003417395e-06
2021-08-25,-1.7223848919112328e-05
2021-08-26,2.000223358278319e-05
2021-08-27,1.3890162153806784e-06
2021-08-30,1.3890104273439619e-06
2021-08-31,1.833491217295702e-05
2021-09-01,-2.3891304565260008e-05
2021-09-02,1.3890625216728125e-06
2021-09-03,1.389060592549285e-06
2021-09-07,1.3890528745008623e-06
2021-09-08,1.389050944711201e-06
2021-09-09,2.4169452867539576e-05
2021-09-10,-2.139083783192497e-05
2021-09-13,-2.028000294496124e-05
2021-09-14,4.445022297350221e-05
2021-09-15,1.1112061810703011e-06
2021-09-16,1.1112049462802531e-06
2021-09-17,1.1112037114902051e-06
2021-09-20,1.1112000073421058e-06
2021-09-21,2.0557177288216266e-05
2021-09-22,8.333819472294834e-07
2021-09-23,8.333812526739592e-07
2021-09-24,8.33380558118435e-07
2021-09-27,-1.6945362318221413e-05
2021-09-28,1.1111901290217219e-06
2021-09-29,1.1111888942316739e-06
2021-09-30,1.1111876596636705e-06
2021-10-01,1.111224702921021e-06
2021-10-04,1.111220998550877e-06
2021-10-05,1.111219763760829e-06
2021-10-06,1.111218528970781e-06
2021-10-07,-2.250215020549451e-05
2021-10-08,1.3890528745008623e-06
2021-10-11,1.389047085798012e-06
2021-10-12,-2.083567734700864e-05
2021-10-13,2.36142596792277e-05
2021-10-14,1.3890412975392508e-06
2021-10-15,1.3890393681936786e-06
2021-10-18,-1.9168663402346908e-05
2021-10-19,2.1947151259915643e-05
2021-10-20,1.3890297210217284e-06
2021-10-21,-1.833516685001424e-05
2021-10-22,1.6668639122308093e-06
2021-10-25,1.666855576898385e-06
2021-10-26,1.6668527986762882e-06
2021-10-27,1.6668500202321468e-06
2021-10-28,1.6668472417880054e-06
2021-10-29,1.9168711329342614e-05
2021-11-01,1.3890663805860015e-06
2021-11-02,1.3890644512404293e-06
2021-11-03,1.3890625216728125e-06
2021-11-04,2.5836527015377087e-05
2021-11-05,-2.305781009692698e-05
2021-11-08,-2.1947035413916183e-05
2021-11-09,4.7784467603229075e-05
2021-11-10,-2.166866499908604e-05
2021-11-11,1.389047085798012e-06
2021-11-12,1.3890451564524398e-06
2021-11-15,1.3890393681936786e-06
2021-11-16,1.3890374386260618e-06
2021-11-17,1.3890355092804896e-06
2021-11-18,1.3890335799349174e-06
2021-11-19,1.3890316505893452e-06
2021-11-22,1.389025862330584e-06
2021-11-23,-1.777950634085368e-05
2021-11-24,1.6668583553425265e-06
2021-11-26,1.6668527986762882e-06
2021-11-29,1.6668444635659085e-06
2021-11-30,1.8890872430565864e-05
2021-12-01,-2.333625036454734e-05
2021-12-02,2.6114984833958133e-05
2021-12-03,-2.278056206883594e-05
2021-12-06,1.6669028111149231e-06
2021-12-07,1.6669000326707817e-06
2021-12-08,-2.1114031885427487e-05
2021-12-09,2.444834259662798e-05
2021-12-10,1.6668916971163128e-06
2021-12-13,2.3058553167532025e-05
2021-12-14,1.3890374386260618e-06
2021-12-15,-1.944649713025992e-05
2021-12-16,2.2225000347431134e-05
2021-12-17,1.3890316505893452e-06
2021-12-20,-3.7503698281371456e-05
2021-12-21,1.9447091410551565e-06
2021-12-22,-1.694671812901838e-05
2021-12-23,2.2225580753598706e-06
2021-12-27,3.72275168023517e-05
2021-12-28,1.6668416851217671e-06
2021-12-29,1.861303445793716e-05
2021-12-30,1.3890065686528175e-06
2021-12-31,-1.5001250104118569e-05
2022-01-03,-7.084372374621672e-05
2022-01-04,2.6394629720760676e-05
2022-01-05,-2.1392977324508067e-05
2022-01-06,-2.0837761357639373e-05
2022-01-07,2.778426076988083e-06
2022-01-10,-6.390326712402139e-05
2022-01-11,2.5562940404899592e-05
2022-01-12,3.33421134235401e-06
2022-01-13,3.3342002254688197e-06
2022-01-14,-1.7782341912186972e-05
2022-01-18,-7.640903115868625e-05
2022-01-19,4.7238283238382195e-06
2022-01-20,-1.4727159911465115e-05
2022-01-21,2.417512796126786e-05
2022-01-24,-5.0293690142533265e-05
2022-01-25,5.557593339755584e-06
2022-01-26,2.334176230300855e-05
2022-01-27,-1.2226352012145725e-05
2022-01-28,2.2785752791021352e-05
2022-01-31,-7.669095213480581e-05
2022-02-01,0.00010450645160564598
2022-02-02,5.558272933470221e-06
2022-02-03,-1.834219872953735e-05
2022-02-04,-4.140966273624702e-05
2022-02-07,-0.00010755703510556547
2022-02-08,3.029710059521129e-05
2022-02-09,7.504559019544388e-06
2022-02-10,-0.00029990216352027144
2022-02-11,9.814385776540924e-05
2022-02-14,-0.00015651114148029777
2022-02-15,9.481110763553957e-05
2022-02-16,5.1988258993773684e-05
2022-02-17,5.087356584509983e-05
2022-02-18,4.9759043914798795e-05
2022-02-22,-6.476503910912701e-05
2022-02-23,6.58811520695135e-05
2022-02-24,6.420904463610988e-05
2022-02-25,9.172131728352184e-06
2022-02-28,-5.864444070158292e-05
2022-03-01,0.00013679601489857696
2022-03-02,-1.6124153759955462e-05
2022-03-03,-8.979630417305096e-05
2022-03-04,0.00010815448686796181
2022-03-07,-0.00010897479735405557
2022-03-08,5.727360937735071e-05
2022-03-09,-3.614146994601608e-05
2022-03-10,1.0564811504520932e-05
2022-03-11,-1.1954791981128032e-05
2022-03-14,-0.00011926874083068029
2022-03-15,-8.897564013676806e-06
2022-03-16,7.618606973847086e-05
2022-03-17,7.451208485931282e-05
2022-03-18,-9.452321378944362e-06
2022-03-21,-0.0002649394725894316
2022-03-22,9.315660459452424e-05
2022-03-23,3.3366421701597204e-05
2022-03-24,1.3902211841942957e-05
2022-03-25,-4.1984096090796896e-05
2022-03-28,-0.0001098273208669509
2022-03-29,8.675920982392782e-05
2022-03-30,3.280993151077993e-05
2022-03-31,8.313430221407181e-05
2022-04-01,-1.0847317333362305e-05
2022-04-04,-0.0003484985359166748
2022-04-05,6.649655789869868e-05
2022-04-06,-2.9212026452118955e-05
2022-04-07,-4.729704351613684e-06
2022-04-08,-4.173288284059495e-06
2022-04-11,-0.00018111451361579878
2022-04-12,0.0001096344775388669
2022-04-13,-1.1129183669078557e-06
2022-04-14,-4.3403864613322796e-05
2022-04-18,-5.9539906761552075e-05
2022-04-19,2.2815715241986112e-05
2022-04-20,2.2815194697045627e-05
2022-04-21,2.2814674175863914e-05
2022-04-22,2.2814153678440974e-05
2022-04-25,-0.0001791623104817619
2022-04-26,0.0001886549900915746
2022-04-27,5.8978339370074906e-05
2022-04-28,4.033657954716219e-05
2022-04-29,-1.196139972858834e-05
2022-05-02,-0.00015226390257117028
2022-05-03,2.505637684779849e-05
2022-05-04,7.405365827839461e-05
2022-05-05,0.00012137219619101636
2022-05-06,2.3380796349892208e-05
2022-05-09,-0.00016142750902869984
2022-05-10,9.408846096881085e-05
2022-05-11,2.226736311783384e-06
2022-05-12,-8.628583993708361e-05
2022-05-13,-0.00010550050105784248
2022-05-16,-9.882459969778878e-05
2022-05-17,5.067001348613154e-05
2022-05-18,0.00011191380966302233
2022-05-19,-1.2247901990058985e-05
2022-05-20,8.907674184022163e-05
2022-05-23,-8.711552966522706e-05
2022-05-24,6.763871573278735e-05
2022-05-25,2.9224628847135392e-05
2022-05-26,1.0854544923333265e-05
2022-05-27,2.95017762292904e-05
2022-05-31,-8.932974307540587e-05
2022-06-01,5.6830781334227254e-05
2022-06-02,6.128461466525792e-06
2022-06-03,-6.769122771832503e-05
2022-06-06,-0.00011114760318131633
2022-06-07,1.0586662699374472e-05
2022-06-08,1.1143737498109374e-05
2022-06-09,1.1700793982605262e-05
2022-06-10,-0.00014765114880943564
2022-06-13,-0.0007330160923639806
2022-06-14,-0.00014860667993998877
2022-06-15,0.00024288115610326955
2022-06-16,0.0003649302325323678
2022-06-17,-4.06878362321228e-05
2022-06-21,-0.00011424991863173695
2022-06-22,0.00022183738205150405
2022-06-23,5.293938997175118e-06
2022-06-24,-8.832472515540868e-05
2022-06-27,-0.00011674418034435252
2022-06-28,4.876519558316694e-05
2022-06-29,8.387204636650658e-05
2022-06-30,0.00016912313139116897
2022-07-01,4.63075580630079e-05
2022-07-05,-0.0004390036012799081
2022-07-06,7.58967112726161e-05
2022-07-07,-4.3246681863395864e-05
2022-07-08,5.85948126841096e-06
2022-07-11,-0.0004438755496830593
2022-07-12,-7.536116840012319e-06
2022-07-13,-0.0003145654698105682
2022-07-14,6.505485129104649e-05
2022-07-15,0.00015104027945533893
2022-07-18,-0.00024589534794472456
2022-07-19,2.7359445038843688e-05
2022-07-20,0.00010887644533474905
2022-07-21,0.00014738590990703848
2022-07-22,4.7446803759898515e-05
2022-07-25,-0.00019449650241154526
2022-07-26,0.00020011638568040446
2022-07-27,0.0002687217883978743
2022-07-28,0.00010182461338037463
2022-07-29,8.312505578866869e-05
2022-08-01,-0.000290626837376351
2022-08-02,6.932347001975536e-05
2022-08-03,0.00016882448961341723
2022-08-04,0.00014196749056250013
2022-08-05,-0.00010282799335659121
2022-08-08,-0.00014194226191133197
2022-08-09,4.8624920774953395e-05
2022-08-10,0.00011792367152829719
2022-08-11,0.00016205607810881872
2022-08-12,4.8050222539508525e-05
2022-08-15,-0.00014440267846005383
2022-08-16,0.0001159299157567073
2022-08-17,0.00011479921031565254
2022-08-18,3.100060744443134e-05
2022-08-19,1.172959594875067e-05
2022-08-22,-0.00012174499672756856
2022-08-23,0.0001343267743143528
2022-08-24,3.7695798258852165e-05
2022-08-25,-1.731149181494196e-05
2022-08-26,7.762383934206696e-05
2022-08-29,-0.00011585033588212834
2022-08-30,9.799561281176317e-05
2022-08-31,9.742768576592731e-05
2022-09-01,5.512211787572774e-05
2022-09-02,0.0001552847166261806
2022-09-06,-0.0001817932646993592
2022-09-07,3.5805798301646874e-05
2022-09-08,0.00010657438052597001
2022-09-09,6.0133989716826264e-05
2022-09-12,-0.0001596684712092955
2022-09-13,-0.00013172654910831305
2022-09-14,0.00019691657729903334
2022-09-15,0.0001303196859352429
2022-09-16,0.00012918422677365982
2022-09-19,-0.00029574799363796256
2022-09-20,0.00015155277280065604
2022-09-21,0.00018899289711016287
2022-09-22,0.00012830081089476586
2022-09-23,0.00022219185134431108
2022-09-26,-0.00023970444274579172
2022-09-27,0.00016375347556962794
2022-09-28,3.827739432082922e-05
2022-09-29,0.000143883967498315
2022-09-30,0.00015922730619810643
2022-10-03,-0.0002089038986058389
2022-10-04,0.0001428461793127056
2022-10-05,6.861238316302476e-05
2022-10-06,0.00011733312723016809
2022-10-07,0.0001167593648292442
2022-10-10,9.26515041033138e-05
2022-10-11,-0.0004061174555496372
2022-10-12,3.164019110690752e-05
2022-10-13,-7.727802168266962e-05
2022-10-14,8.008413874827092e-05
2022-10-17,-0.00025474069636599594
2022-10-18,-3.808083777834259e-05
2022-10-19,6.804408808869233e-05
2022-10-20,0.0001094791285460861
2022-10-21,0.00012934480974546858
2022-10-24,-8.116224332455069e-05
2022-10-25,0.00016821540528444423
2022-10-26,0.00016650804093920613
2022-10-27,9.205382434673837e-05
2022-10-28,3.888846145772007e-05
2022-10-31,-7.83159388051402e-06
2022-11-01,0.00011396017793519064
2022-11-02,0.00016446565221839293
2022-11-03,6.34183026344548e-05
2022-11-04,0.00021269037612525743
2022-11-07,-0.00012565111397577766
2022-11-08,0.00016269375985289436
2022-11-09,9.171069902058626e-05
2022-11-10,0.000161250202263874
2022-11-11,0.00011467947786902855
2022-11-14,-3.8400208089761634e-05
2022-11-15,0.00015977342446582554
2022-11-16,0.00011602742282934564
2022-11-17,0.00013703098413442305
2022-11-18,7.424997022997815e-05
2022-11-21,-4.285570232931413e-05
2022-11-22,0.00015770453900554315
2022-11-23,0.00011790966607194697
2022-11-25,9.912157008562517e-05
2022-11-28,-2.519194865313601e-05
2022-11-29,0.00017326898960945414
2022-11-30,0.00011950410553973612
2022-12-01,0.0002448358448661203
2022-12-02,0.00011845806893151511
2022-12-05,-8.41819812302802e-07
2022-12-06,0.00011981912083069979
2022-12-07,0.00028281780809469304
2022-12-08,0.00018680893316935787
2022-12-09,7.151258369075819e-05
2022-12-12,-0.00010120836053961746
2022-12-13,0.00018505340473051746
2022-12-14,0.00018333717388263615
2022-12-15,0.00013957978077572264
2022-12-16,0.0001597376938922146
2022-12-19,-4.145936981758691e-05
2022-12-20,0.0001787309096898948
2022-12-21,0.00017701841607720148
2022-12-22,8.009225731919756e-05
2022-12-23,0.00013749003127272452
2022-12-27,-9.320087054642823e-05
2022-12-28,0.00012176023310783712
2022-12-29,0.00013881775411905828
2022-12-30,0.0001886092335694478
2023-01-03,-0.00012352056055875416
2023-01-04,9.939018227123064e-05
2023-01-05,-0.00011482074768798256
2023-01-06,0.0001266261706251992
2023-01-09,3.564394005306504e-05
2023-01-10,8.279202782923711e-05
2023-01-11,0.0001282468625822819
2023-01-12,0.0002814334982184086
2023-01-13,0.0001046312659542803
2023-01-17,2.4112424459321602e-05
2023-01-18,0.0001682221609144996
2023-01-19,0.00010736375175479651
2023-01-20,8.829230077123107e-05
2023-01-23,0.00010927663351756323
2023-01-24,0.00014680692144186658
2023-01-25,0.0001462251228208089
2023-01-26,0.00014564357655810767
2023-01-27,9.21341518056451e-05
2023-01-30,9.434165620825219e-05
2023-01-31,0.00014499812454160654
2023-02-01,0.00022757680155116589
2023-02-02,0.00015196424317887036
2023-02-03,3.061291263883881e-05
2023-02-06,8.170457646694551e-05
2023-02-07,0.00012886370010645187
2023-02-08,0.00012884709639271463
2023-02-09,1.655991137372581e-05
2023-02-10,8.588557571398425e-05
2023-02-13,8.81003378674361e-05
2023-02-14,0.0001523384370918368
2023-02-15,0.00015175421987523308
2023-02-16,4.880079068514398e-05
2023-02-17,0.00013181179519250463
2023-02-21,9.362114828848078e-05
2023-02-22,0.00015106908706075117
2023-02-23,0.00013199033864341736
2023-02-24,0.00011376009620867045
2023-02-27,9.747178359909014e-05
2023-02-28,0.0001669181641690276
2023-03-01,0.00010712550498004347
2023-03-02,0.000107676308710003
2023-03-03,0.000133245627350842
2023-03-06,8.486097131554793e-05
2023-03-07,-0.00012896649231386448
2023-03-08,8.964186809157226e-05
2023-03-09,0.00018404439094510394
2023-03-10,0.00022895966067904006
2023-03-13,0.00042399532762749104
2023-03-14,0.00011002366070056446
2023-03-15,0.0003914952086039314
2023-03-16,0.00017140499071843784
2023-03-17,0.0005699431291001922
2023-03-20,-0.000462982165657988
2023-03-21,0.00019010127519258901
2023-03-22,0.00010989017150153657
2023-03-23,0.00024582421186281067
2023-03-24,0.00012806619761374094
2023-03-27,-0.00019972895128550494
2023-03-28,0.000330333064826549
2023-03-29,0.00012996092209527355
2023-03-30,-0.00014786734954497227
2023-03-31,0.0003394729766066362
2023-04-03,-9.105348886617737e-05
2023-04-04,0.00020741849970651316
2023-04-05,0.00018152379956859477
2023-04-06,1.320444298591461e-05
2023-04-10,-0.0001606489769299113
2023-04-11,0.0002511245830743025
2023-04-12,0.00018169665925271694
2023-04-13,-3.846664646922626e-05
2023-04-14,7.412835999409673e-05
2023-04-17,-2.6384853970995437e-05
2023-04-18,0.00018301466699743862
2023-04-19,0.00020206510537690292
2023-04-20,0.00022026258667384724
2023-04-21,0.00011978523937283825
2023-04-24,2.6919893127974603e-05
2023-04-25,0.0002708741326982178
2023-04-26,8.466028518738788e-05
2023-04-27,8.63349684654402e-05
2023-04-28,0.00028224612983662745
2023-05-01,-0.00024476291757413726
2023-05-02,0.00019416983951447975
2023-05-03,0.00011788604161733218
2023-05-04,0.00011843478167916643
2023-05-05,0.00014345507324642348
2023-05-08,2.5304710893570004e-05
2023-05-09,0.0001914674673999528
2023-05-10,0.00025945762393608796
2023-05-11,0.00023381662930832547
2023-05-12,5.169735916399354e-05
2023-05-15,0.0001859354180571149
2023-05-16,0.000120751309028444
2023-05-17,7.918083217384186e-05
2023-05-18,6.008282445413293e-05
2023-05-19,0.00018529103606890196
2023-05-22,-9.204051578604044e-05
2023-05-23,0.00026323765477132
2023-05-24,8.809687738664529e-05
2023-05-25,0.0001461606049759645
2023-05-26,0.00023870345037280138
2023-05-30,-6.391044464837403e-05
2023-05-31,0.00018221247432204102
2023-06-01,0.00019934632425644416
2023-06-02,0.000172844983385545
2023-06-05,0.00022059800066176471
2023-06-06,0.00019466855708971664
2023-06-07,0.0001935056358515208
2023-06-08,0.00023958561811410206
2023-06-09,0.00016727617042699983
2023-06-12,7.615335092991948e-05
2023-06-13,0.00021102144494911101
2023-06-14,0.00016546658909311063
2023-06-15,0.0002081332052514817
2023-06-16,9.969218983307826e-05
2023-06-20,4.18205348931e-05
2023-06-21,0.00012433370605391403
2023-06-22,0.00014452347243598673
2023-06-23,0.00014450258842013675
2023-06-26,-2.2156811326334847e-05
2023-06-27,0.00023812088126606845
2023-06-28,0.00016347635411273487
2023-06-29,0.00010990095456819837
2023-06-30,0.0001979121113242499
2023-07-03,4.530782587153226e-05
2023-07-05,0.0001465891160534749
2023-07-06,9.818062027089347e-05
2023-07-07,0.00017102566453863766
2023-07-10,7.760058976469253e-05
2023-07-11,0.00014759836376665447
2023-07-12,0.00017006444177392055
2023-07-13,0.00014727043798901107
2023-07-14,0.00012533004515247193
2023-07-17,0.00012640094379379185
2023-07-18,0.00016851329148592775
2023-07-19,0.0001269252909874563
2023-07-20,0.00014768635013129305
2023-07-21,0.0001277326362219
2023-07-24,0.000128800997407863
2023-07-25,0.00014814415773312106
2023-07-26,0.0001481222142922789
2023-07-27,0.0001481002773515705
2023-07-28,0.0001480783469072211
2023-07-31,0.0001480125945261257
2023-08-01,0.00017429628227993987
2023-08-02,0.0001483653210279101
2023-08-03,0.00014834331202484563
2023-08-04,0.00012355418385689987
2023-08-07,0.00012462752405895117
2023-08-08,0.0001251745763404255
2023-08-09,0.00019575415977590715
2023-08-10,0.0001484740912709448
2023-08-11,0.00014845204998814587
2023-08-14,0.00012646531140814155
2023-08-15,0.000148648200569923
2023-08-16,0.00014862610756671835
2023-08-17,0.00014860402112937265
2023-08-18,0.00016936656063704092
2023-08-21,0.000108366573235541
2023-08-22,0.00014877735889307075
2023-08-23,0.00014875522748325487
2023-08-24,0.00012965036495726778
2023-08-25,9.259539851358412e-05
2023-08-28,0.00014977743745947514
2023-08-29,0.00016742273314673817
2023-08-30,0.00016683392117755602
2023-08-31,0.0001491442707293178
2023-09-01,0.0002004737035941062
2023-09-05,0.00010073468790539053
2023-09-06,0.00017359508959402525
2023-09-07,0.00017300235030015543
2023-09-08,0.00012572142158018274
2023-09-11,0.0001267926327577218
2023-09-12,0.0001495457407572065
2023-09-13,0.0001714459810251423
2023-09-14,0.00014921673857726248
2023-09-15,0.00012784084124328743
2023-09-18,0.000169913655778009
2023-09-19,0.0001491054934001923
2023-09-20,0.0001092154233517384
2023-09-21,0.00014962844141908072
2023-09-22,0.000168973444223397
2023-09-25,9.370556700827315e-05
2023-09-26,0.00016831758161317545
2023-09-27,0.00014977743745947514
2023-09-28,0.00018509045875503283
2023-09-29,0.00014916651806085035
2023-10-02,7.376981789564141e-05
2023-10-03,0.0001506257302532621
2023-10-04,0.00017537513529641835
2023-10-05,0.00015029518650111484
2023-10-06,0.00010187019036211886
2023-10-09,0.00015077457625611856
2023-10-10,0.0001968774117482308
2023-10-11,0.00015015977675125747
2023-10-12,0.00012764476293791738
2023-10-13,0.0001503991903744062
2023-10-16,0.00017168684432000703
2023-10-17,0.00012895373847832126
2023-10-18,0.00017107342252198343
2023-10-19,0.00017048244002793034
2023-10-20,0.00019011027800175384
2023-10-23,0.00012967219878579073
2023-10-24,0.0001683836182946319
2023-10-25,0.00013019474215258953
2023-10-26,0.00014925557379785737
2023-10-27,0.0001492332998960233
2023-10-30,0.0001317824501665399
2023-10-31,0.00014942721436828066
2023-11-01,0.00020135377322882952
2023-11-02,0.00022552713801005098
2023-11-03,0.0001736814844841561
2023-11-06,9.988320698828268e-05
2023-11-07,0.00017273849024301846
2023-11-08,0.0001485181934786084
2023-11-09,0.00017183928217856526
2023-11-10,0.00017124736977836008
2023-11-13,0.00010343121823996881
2023-11-14,0.00019222727334056167
2023-11-15,0.00014779548701127077
2023-11-16,0.00016912497211696298
2023-11-17,0.0001474677677593128
2023-11-20,0.00010697214091681673
2023-11-21,0.00016788057234351506
2023-11-22,0.00012799446704603312
2023-11-24,0.000128800997407863
2023-11-27,0.0001481002773515705
2023-11-28,0.00016602723744152392
2023-11-29,0.0001831043734183968
2023-11-30,0.0001471856010430983
2023-12-01,0.00019846715790805547
2023-12-04,7.372025022100992e-05
2023-12-05,0.00017218880671454606
2023-12-06,0.00014768555635269465
2023-12-07,0.00017128994831772104
2023-12-08,0.00014735724345205092
2023-12-11,0.00010231743365385348
2023-12-12,0.00014783918694072362
2023-12-13,0.00019165669508547367
2023-12-14,0.00016886158632090087
2023-12-15,0.00012557135669610808
2023-12-18,0.00010614328107383386
2023-12-19,0.00020833321634494695
2023-12-20,0.00012688274911121233
2023-12-21,0.00018637047981417965
2023-12-22,0.00010776043508298194
2023-12-26,0.00012873673086089
2023-12-27,0.00016517685000172477
2023-12-28,0.00012925968129784415
2023-12-29,0.00023409519403982948
