date,year,month,day,reb
2020-01-02,2020,1,2,1
2020-01-03,2020,1,3,0
2020-01-06,2020,1,6,0
2020-01-07,2020,1,7,0
2020-01-08,2020,1,8,0
2020-01-09,2020,1,9,0
2020-01-10,2020,1,10,0
2020-01-13,2020,1,13,0
2020-01-14,2020,1,14,0
2020-01-15,2020,1,15,0
2020-01-16,2020,1,16,0
2020-01-17,2020,1,17,0
2020-01-21,2020,1,21,0
2020-01-22,2020,1,22,0
2020-01-23,2020,1,23,0
2020-01-24,2020,1,24,0
2020-01-27,2020,1,27,0
2020-01-28,2020,1,28,0
2020-01-29,2020,1,29,0
2020-01-30,2020,1,30,0
2020-01-31,2020,1,31,0
2020-02-03,2020,2,3,1
2020-02-04,2020,2,4,0
2020-02-05,2020,2,5,0
2020-02-06,2020,2,6,0
2020-02-07,2020,2,7,0
2020-02-10,2020,2,10,0
2020-02-11,2020,2,11,0
2020-02-12,2020,2,12,0
2020-02-13,2020,2,13,0
2020-02-14,2020,2,14,0
2020-02-18,2020,2,18,0
2020-02-19,2020,2,19,0
2020-02-20,2020,2,20,0
2020-02-21,2020,2,21,0
2020-02-24,2020,2,24,0
2020-02-25,2020,2,25,0
2020-02-26,2020,2,26,0
2020-02-27,2020,2,27,0
2020-02-28,2020,2,28,0
2020-03-02,2020,3,2,1
2020-03-03,2020,3,3,0
2020-03-04,2020,3,4,0
2020-03-05,2020,3,5,0
2020-03-06,2020,3,6,0
2020-03-09,2020,3,9,0
2020-03-10,2020,3,10,0
2020-03-11,2020,3,11,0
2020-03-12,2020,3,12,0
2020-03-13,2020,3,13,0
2020-03-16,2020,3,16,0
2020-03-17,2020,3,17,0
2020-03-18,2020,3,18,0
2020-03-19,2020,3,19,0
2020-03-20,2020,3,20,0
2020-03-23,2020,3,23,0
2020-03-24,2020,3,24,0
2020-03-25,2020,3,25,0
2020-03-26,2020,3,26,0
2020-03-27,2020,3,27,0
2020-03-30,2020,3,30,0
2020-03-31,2020,3,31,0
2020-04-01,2020,4,1,1
2020-04-02,2020,4,2,0
2020-04-03,2020,4,3,0
2020-04-06,2020,4,6,0
2020-04-07,2020,4,7,0
2020-04-08,2020,4,8,0
2020-04-09,2020,4,9,0
2020-04-13,2020,4,13,0
2020-04-14,2020,4,14,0
2020-04-15,2020,4,15,0
2020-04-16,2020,4,16,0
2020-04-17,2020,4,17,0
2020-04-20,2020,4,20,0
2020-04-21,2020,4,21,0
2020-04-22,2020,4,22,0
2020-04-23,2020,4,23,0
2020-04-24,2020,4,24,0
2020-04-27,2020,4,27,0
2020-04-28,2020,4,28,0
2020-04-29,2020,4,29,0
2020-04-30,2020,4,30,0
2020-05-01,2020,5,1,1
2020-05-04,2020,5,4,0
2020-05-05,2020,5,5,0
2020-05-06,2020,5,6,0
2020-05-07,2020,5,7,0
2020-05-08,2020,5,8,0
2020-05-11,2020,5,11,0
2020-05-12,2020,5,12,0
2020-05-13,2020,5,13,0
2020-05-14,2020,5,14,0
2020-05-15,2020,5,15,0
2020-05-18,2020,5,18,0
2020-05-19,2020,5,19,0
2020-05-20,2020,5,20,0
2020-05-21,2020,5,21,0
2020-05-22,2020,5,22,0
2020-05-26,2020,5,26,0
2020-05-27,2020,5,27,0
2020-05-28,2020,5,28,0
2020-05-29,2020,5,29,0
2020-06-01,2020,6,1,1
2020-06-02,2020,6,2,0
2020-06-03,2020,6,3,0
2020-06-04,2020,6,4,0
2020-06-05,2020,6,5,0
2020-06-08,2020,6,8,0
2020-06-09,2020,6,9,0
2020-06-10,2020,6,10,0
2020-06-11,2020,6,11,0
2020-06-12,2020,6,12,0
2020-06-15,2020,6,15,0
2020-06-16,2020,6,16,0
2020-06-17,2020,6,17,0
2020-06-18,2020,6,18,0
2020-06-19,2020,6,19,0
2020-06-22,2020,6,22,0
2020-06-23,2020,6,23,0
2020-06-24,2020,6,24,0
2020-06-25,2020,6,25,0
2020-06-26,2020,6,26,0
2020-06-29,2020,6,29,0
2020-06-30,2020,6,30,0
2020-07-01,2020,7,1,1
2020-07-02,2020,7,2,0
2020-07-06,2020,7,6,0
2020-07-07,2020,7,7,0
2020-07-08,2020,7,8,0
2020-07-09,2020,7,9,0
2020-07-10,2020,7,10,0
2020-07-13,2020,7,13,0
2020-07-14,2020,7,14,0
2020-07-15,2020,7,15,0
2020-07-16,2020,7,16,0
2020-07-17,2020,7,17,0
2020-07-20,2020,7,20,0
2020-07-21,2020,7,21,0
2020-07-22,2020,7,22,0
2020-07-23,2020,7,23,0
2020-07-24,2020,7,24,0
2020-07-27,2020,7,27,0
2020-07-28,2020,7,28,0
2020-07-29,2020,7,29,0
2020-07-30,2020,7,30,0
2020-07-31,2020,7,31,0
2020-08-03,2020,8,3,1
2020-08-04,2020,8,4,0
2020-08-05,2020,8,5,0
2020-08-06,2020,8,6,0
2020-08-07,2020,8,7,0
2020-08-10,2020,8,10,0
2020-08-11,2020,8,11,0
2020-08-12,2020,8,12,0
2020-08-13,2020,8,13,0
2020-08-14,2020,8,14,0
2020-08-17,2020,8,17,0
2020-08-18,2020,8,18,0
2020-08-19,2020,8,19,0
2020-08-20,2020,8,20,0
2020-08-21,2020,8,21,0
2020-08-24,2020,8,24,0
2020-08-25,2020,8,25,0
2020-08-26,2020,8,26,0
2020-08-27,2020,8,27,0
2020-08-28,2020,8,28,0
2020-08-31,2020,8,31,0
2020-09-01,2020,9,1,1
2020-09-02,2020,9,2,0
2020-09-03,2020,9,3,0
2020-09-04,2020,9,4,0
2020-09-08,2020,9,8,0
2020-09-09,2020,9,9,0
2020-09-10,2020,9,10,0
2020-09-11,2020,9,11,0
2020-09-14,2020,9,14,0
2020-09-15,2020,9,15,0
2020-09-16,2020,9,16,0
2020-09-17,2020,9,17,0
2020-09-18,2020,9,18,0
2020-09-21,2020,9,21,0
2020-09-22,2020,9,22,0
2020-09-23,2020,9,23,0
2020-09-24,2020,9,24,0
2020-09-25,2020,9,25,0
2020-09-28,2020,9,28,0
2020-09-29,2020,9,29,0
2020-09-30,2020,9,30,0
2020-10-01,2020,10,1,1
2020-10-02,2020,10,2,0
2020-10-05,2020,10,5,0
2020-10-06,2020,10,6,0
2020-10-07,2020,10,7,0
2020-10-08,2020,10,8,0
2020-10-09,2020,10,9,0
2020-10-12,2020,10,12,0
2020-10-13,2020,10,13,0
2020-10-14,2020,10,14,0
2020-10-15,2020,10,15,0
2020-10-16,2020,10,16,0
2020-10-19,2020,10,19,0
2020-10-20,2020,10,20,0
2020-10-21,2020,10,21,0
2020-10-22,2020,10,22,0
2020-10-23,2020,10,23,0
2020-10-26,2020,10,26,0
2020-10-27,2020,10,27,0
2020-10-28,2020,10,28,0
2020-10-29,2020,10,29,0
2020-10-30,2020,10,30,0
2020-11-02,2020,11,2,1
2020-11-03,2020,11,3,0
2020-11-04,2020,11,4,0
2020-11-05,2020,11,5,0
2020-11-06,2020,11,6,0
2020-11-09,2020,11,9,0
2020-11-10,2020,11,10,0
2020-11-11,2020,11,11,0
2020-11-12,2020,11,12,0
2020-11-13,2020,11,13,0
2020-11-16,2020,11,16,0
2020-11-17,2020,11,17,0
2020-11-18,2020,11,18,0
2020-11-19,2020,11,19,0
2020-11-20,2020,11,20,0
2020-11-23,2020,11,23,0
2020-11-24,2020,11,24,0
2020-11-25,2020,11,25,0
2020-11-27,2020,11,27,0
2020-11-30,2020,11,30,0
2020-12-01,2020,12,1,1
2020-12-02,2020,12,2,0
2020-12-03,2020,12,3,0
2020-12-04,2020,12,4,0
2020-12-07,2020,12,7,0
2020-12-08,2020,12,8,0
2020-12-09,2020,12,9,0
2020-12-10,2020,12,10,0
2020-12-11,2020,12,11,0
2020-12-14,2020,12,14,0
2020-12-15,2020,12,15,0
2020-12-16,2020,12,16,0
2020-12-17,2020,12,17,0
2020-12-18,2020,12,18,0
2020-12-21,2020,12,21,0
2020-12-22,2020,12,22,0
2020-12-23,2020,12,23,0
2020-12-24,2020,12,24,0
2020-12-28,2020,12,28,0
2020-12-29,2020,12,29,0
2020-12-30,2020,12,30,0
2020-12-31,2020,12,31,0
2021-01-04,2021,1,4,1
2021-01-05,2021,1,5,0
2021-01-06,2021,1,6,0
2021-01-07,2021,1,7,0
2021-01-08,2021,1,8,0
2021-01-11,2021,1,11,0
2021-01-12,2021,1,12,0
2021-01-13,2021,1,13,0
2021-01-14,2021,1,14,0
2021-01-15,2021,1,15,0
2021-01-19,2021,1,19,0
2021-01-20,2021,1,20,0
2021-01-21,2021,1,21,0
2021-01-22,2021,1,22,0
2021-01-25,2021,1,25,0
2021-01-26,2021,1,26,0
2021-01-27,2021,1,27,0
2021-01-28,2021,1,28,0
2021-01-29,2021,1,29,0
2021-02-01,2021,2,1,1
2021-02-02,2021,2,2,0
2021-02-03,2021,2,3,0
2021-02-04,2021,2,4,0
2021-02-05,2021,2,5,0
2021-02-08,2021,2,8,0
2021-02-09,2021,2,9,0
2021-02-10,2021,2,10,0
2021-02-11,2021,2,11,0
2021-02-12,2021,2,12,0
2021-02-16,2021,2,16,0
2021-02-17,2021,2,17,0
2021-02-18,2021,2,18,0
2021-02-19,2021,2,19,0
2021-02-22,2021,2,22,0
2021-02-23,2021,2,23,0
2021-02-24,2021,2,24,0
2021-02-25,2021,2,25,0
2021-02-26,2021,2,26,0
2021-03-01,2021,3,1,1
2021-03-02,2021,3,2,0
2021-03-03,2021,3,3,0
2021-03-04,2021,3,4,0
2021-03-05,2021,3,5,0
2021-03-08,2021,3,8,0
2021-03-09,2021,3,9,0
2021-03-10,2021,3,10,0
2021-03-11,2021,3,11,0
2021-03-12,2021,3,12,0
2021-03-15,2021,3,15,0
2021-03-16,2021,3,16,0
2021-03-17,2021,3,17,0
2021-03-18,2021,3,18,0
2021-03-19,2021,3,19,0
2021-03-22,2021,3,22,0
2021-03-23,2021,3,23,0
2021-03-24,2021,3,24,0
2021-03-25,2021,3,25,0
2021-03-26,2021,3,26,0
2021-03-29,2021,3,29,0
2021-03-30,2021,3,30,0
2021-03-31,2021,3,31,0
2021-04-01,2021,4,1,1
2021-04-05,2021,4,5,0
2021-04-06,2021,4,6,0
2021-04-07,2021,4,7,0
2021-04-08,2021,4,8,0
2021-04-09,2021,4,9,0
2021-04-12,2021,4,12,0
2021-04-13,2021,4,13,0
2021-04-14,2021,4,14,0
2021-04-15,2021,4,15,0
2021-04-16,2021,4,16,0
2021-04-19,2021,4,19,0
2021-04-20,2021,4,20,0
2021-04-21,2021,4,21,0
2021-04-22,2021,4,22,0
2021-04-23,2021,4,23,0
2021-04-26,2021,4,26,0
2021-04-27,2021,4,27,0
2021-04-28,2021,4,28,0
2021-04-29,2021,4,29,0
2021-04-30,2021,4,30,0
2021-05-03,2021,5,3,1
2021-05-04,2021,5,4,0
2021-05-05,2021,5,5,0
2021-05-06,2021,5,6,0
2021-05-07,2021,5,7,0
2021-05-10,2021,5,10,0
2021-05-11,2021,5,11,0
2021-05-12,2021,5,12,0
2021-05-13,2021,5,13,0
2021-05-14,2021,5,14,0
2021-05-17,2021,5,17,0
2021-05-18,2021,5,18,0
2021-05-19,2021,5,19,0
2021-05-20,2021,5,20,0
2021-05-21,2021,5,21,0
2021-05-24,2021,5,24,0
2021-05-25,2021,5,25,0
2021-05-26,2021,5,26,0
2021-05-27,2021,5,27,0
2021-05-28,2021,5,28,0
2021-06-01,2021,6,1,1
2021-06-02,2021,6,2,0
2021-06-03,2021,6,3,0
2021-06-04,2021,6,4,0
2021-06-07,2021,6,7,0
2021-06-08,2021,6,8,0
2021-06-09,2021,6,9,0
2021-06-10,2021,6,10,0
2021-06-11,2021,6,11,0
2021-06-14,2021,6,14,0
2021-06-15,2021,6,15,0
2021-06-16,2021,6,16,0
2021-06-17,2021,6,17,0
2021-06-18,2021,6,18,0
2021-06-21,2021,6,21,0
2021-06-22,2021,6,22,0
2021-06-23,2021,6,23,0
2021-06-24,2021,6,24,0
2021-06-25,2021,6,25,0
2021-06-28,2021,6,28,0
2021-06-29,2021,6,29,0
2021-06-30,2021,6,30,0
2021-07-01,2021,7,1,1
2021-07-02,2021,7,2,0
2021-07-06,2021,7,6,0
2021-07-07,2021,7,7,0
2021-07-08,2021,7,8,0
2021-07-09,2021,7,9,0
2021-07-12,2021,7,12,0
2021-07-13,2021,7,13,0
2021-07-14,2021,7,14,0
2021-07-15,2021,7,15,0
2021-07-16,2021,7,16,0
2021-07-19,2021,7,19,0
2021-07-20,2021,7,20,0
2021-07-21,2021,7,21,0
2021-07-22,2021,7,22,0
2021-07-23,2021,7,23,0
2021-07-26,2021,7,26,0
2021-07-27,2021,7,27,0
2021-07-28,2021,7,28,0
2021-07-29,2021,7,29,0
2021-07-30,2021,7,30,0
2021-08-02,2021,8,2,1
2021-08-03,2021,8,3,0
2021-08-04,2021,8,4,0
2021-08-05,2021,8,5,0
2021-08-06,2021,8,6,0
2021-08-09,2021,8,9,0
2021-08-10,2021,8,10,0
2021-08-11,2021,8,11,0
2021-08-12,2021,8,12,0
2021-08-13,2021,8,13,0
2021-08-16,2021,8,16,0
2021-08-17,2021,8,17,0
2021-08-18,2021,8,18,0
2021-08-19,2021,8,19,0
2021-08-20,2021,8,20,0
2021-08-23,2021,8,23,0
2021-08-24,2021,8,24,0
2021-08-25,2021,8,25,0
2021-08-26,2021,8,26,0
2021-08-27,2021,8,27,0
2021-08-30,2021,8,30,0
2021-08-31,2021,8,31,0
2021-09-01,2021,9,1,1
2021-09-02,2021,9,2,0
2021-09-03,2021,9,3,0
2021-09-07,2021,9,7,0
2021-09-08,2021,9,8,0
2021-09-09,2021,9,9,0
2021-09-10,2021,9,10,0
2021-09-13,2021,9,13,0
2021-09-14,2021,9,14,0
2021-09-15,2021,9,15,0
2021-09-16,2021,9,16,0
2021-09-17,2021,9,17,0
2021-09-20,2021,9,20,0
2021-09-21,2021,9,21,0
2021-09-22,2021,9,22,0
2021-09-23,2021,9,23,0
2021-09-24,2021,9,24,0
2021-09-27,2021,9,27,0
2021-09-28,2021,9,28,0
2021-09-29,2021,9,29,0
2021-09-30,2021,9,30,0
2021-10-01,2021,10,1,1
2021-10-04,2021,10,4,0
2021-10-05,2021,10,5,0
2021-10-06,2021,10,6,0
2021-10-07,2021,10,7,0
2021-10-08,2021,10,8,0
2021-10-11,2021,10,11,0
2021-10-12,2021,10,12,0
2021-10-13,2021,10,13,0
2021-10-14,2021,10,14,0
2021-10-15,2021,10,15,0
2021-10-18,2021,10,18,0
2021-10-19,2021,10,19,0
2021-10-20,2021,10,20,0
2021-10-21,2021,10,21,0
2021-10-22,2021,10,22,0
2021-10-25,2021,10,25,0
2021-10-26,2021,10,26,0
2021-10-27,2021,10,27,0
2021-10-28,2021,10,28,0
2021-10-29,2021,10,29,0
2021-11-01,2021,11,1,1
2021-11-02,2021,11,2,0
2021-11-03,2021,11,3,0
2021-11-04,2021,11,4,0
2021-11-05,2021,11,5,0
2021-11-08,2021,11,8,0
2021-11-09,2021,11,9,0
2021-11-10,2021,11,10,0
2021-11-11,2021,11,11,0
2021-11-12,2021,11,12,0
2021-11-15,2021,11,15,0
2021-11-16,2021,11,16,0
2021-11-17,2021,11,17,0
2021-11-18,2021,11,18,0
2021-11-19,2021,11,19,0
2021-11-22,2021,11,22,0
2021-11-23,2021,11,23,0
2021-11-24,2021,11,24,0
2021-11-26,2021,11,26,0
2021-11-29,2021,11,29,0
2021-11-30,2021,11,30,0
2021-12-01,2021,12,1,1
2021-12-02,2021,12,2,0
2021-12-03,2021,12,3,0
2021-12-06,2021,12,6,0
2021-12-07,2021,12,7,0
2021-12-08,2021,12,8,0
2021-12-09,2021,12,9,0
2021-12-10,2021,12,10,0
2021-12-13,2021,12,13,0
2021-12-14,2021,12,14,0
2021-12-15,2021,12,15,0
2021-12-16,2021,12,16,0
2021-12-17,2021,12,17,0
2021-12-20,2021,12,20,0
2021-12-21,2021,12,21,0
2021-12-22,2021,12,22,0
2021-12-23,2021,12,23,0
2021-12-27,2021,12,27,0
2021-12-28,2021,12,28,0
2021-12-29,2021,12,29,0
2021-12-30,2021,12,30,0
2021-12-31,2021,12,31,0
2022-01-03,2022,1,3,1
2022-01-04,2022,1,4,0
2022-01-05,2022,1,5,0
2022-01-06,2022,1,6,0
2022-01-07,2022,1,7,0
2022-01-10,2022,1,10,0
2022-01-11,2022,1,11,0
2022-01-12,2022,1,12,0
2022-01-13,2022,1,13,0
2022-01-14,2022,1,14,0
2022-01-18,2022,1,18,0
2022-01-19,2022,1,19,0
2022-01-20,2022,1,20,0
2022-01-21,2022,1,21,0
2022-01-24,2022,1,24,0
2022-01-25,2022,1,25,0
2022-01-26,2022,1,26,0
2022-01-27,2022,1,27,0
2022-01-28,2022,1,28,0
2022-01-31,2022,1,31,0
2022-02-01,2022,2,1,1
2022-02-02,2022,2,2,0
2022-02-03,2022,2,3,0
2022-02-04,2022,2,4,0
2022-02-07,2022,2,7,0
2022-02-08,2022,2,8,0
2022-02-09,2022,2,9,0
2022-02-10,2022,2,10,0
2022-02-11,2022,2,11,0
2022-02-14,2022,2,14,0
2022-02-15,2022,2,15,0
2022-02-16,2022,2,16,0
2022-02-17,2022,2,17,0
2022-02-18,2022,2,18,0
2022-02-22,2022,2,22,0
2022-02-23,2022,2,23,0
2022-02-24,2022,2,24,0
2022-02-25,2022,2,25,0
2022-02-28,2022,2,28,0
2022-03-01,2022,3,1,1
2022-03-02,2022,3,2,0
2022-03-03,2022,3,3,0
2022-03-04,2022,3,4,0
2022-03-07,2022,3,7,0
2022-03-08,2022,3,8,0
2022-03-09,2022,3,9,0
2022-03-10,2022,3,10,0
2022-03-11,2022,3,11,0
2022-03-14,2022,3,14,0
2022-03-15,2022,3,15,0
2022-03-16,2022,3,16,0
2022-03-17,2022,3,17,0
2022-03-18,2022,3,18,0
2022-03-21,2022,3,21,0
2022-03-22,2022,3,22,0
2022-03-23,2022,3,23,0
2022-03-24,2022,3,24,0
2022-03-25,2022,3,25,0
2022-03-28,2022,3,28,0
2022-03-29,2022,3,29,0
2022-03-30,2022,3,30,0
2022-03-31,2022,3,31,0
2022-04-01,2022,4,1,1
2022-04-04,2022,4,4,0
2022-04-05,2022,4,5,0
2022-04-06,2022,4,6,0
2022-04-07,2022,4,7,0
2022-04-08,2022,4,8,0
2022-04-11,2022,4,11,0
2022-04-12,2022,4,12,0
2022-04-13,2022,4,13,0
2022-04-14,2022,4,14,0
2022-04-18,2022,4,18,0
2022-04-19,2022,4,19,0
2022-04-20,2022,4,20,0
2022-04-21,2022,4,21,0
2022-04-22,2022,4,22,0
2022-04-25,2022,4,25,0
2022-04-26,2022,4,26,0
2022-04-27,2022,4,27,0
2022-04-28,2022,4,28,0
2022-04-29,2022,4,29,0
2022-05-02,2022,5,2,1
2022-05-03,2022,5,3,0
2022-05-04,2022,5,4,0
2022-05-05,2022,5,5,0
2022-05-06,2022,5,6,0
2022-05-09,2022,5,9,0
2022-05-10,2022,5,10,0
2022-05-11,2022,5,11,0
2022-05-12,2022,5,12,0
2022-05-13,2022,5,13,0
2022-05-16,2022,5,16,0
2022-05-17,2022,5,17,0
2022-05-18,2022,5,18,0
2022-05-19,2022,5,19,0
2022-05-20,2022,5,20,0
2022-05-23,2022,5,23,0
2022-05-24,2022,5,24,0
2022-05-25,2022,5,25,0
2022-05-26,2022,5,26,0
2022-05-27,2022,5,27,0
2022-05-31,2022,5,31,0
2022-06-01,2022,6,1,1
2022-06-02,2022,6,2,0
2022-06-03,2022,6,3,0
2022-06-06,2022,6,6,0
2022-06-07,2022,6,7,0
2022-06-08,2022,6,8,0
2022-06-09,2022,6,9,0
2022-06-10,2022,6,10,0
2022-06-13,2022,6,13,0
2022-06-14,2022,6,14,0
2022-06-15,2022,6,15,0
2022-06-16,2022,6,16,0
2022-06-17,2022,6,17,0
2022-06-21,2022,6,21,0
2022-06-22,2022,6,22,0
2022-06-23,2022,6,23,0
2022-06-24,2022,6,24,0
2022-06-27,2022,6,27,0
2022-06-28,2022,6,28,0
2022-06-29,2022,6,29,0
2022-06-30,2022,6,30,0
2022-07-01,2022,7,1,1
2022-07-05,2022,7,5,0
2022-07-06,2022,7,6,0
2022-07-07,2022,7,7,0
2022-07-08,2022,7,8,0
2022-07-11,2022,7,11,0
2022-07-12,2022,7,12,0
2022-07-13,2022,7,13,0
2022-07-14,2022,7,14,0
2022-07-15,2022,7,15,0
2022-07-18,2022,7,18,0
2022-07-19,2022,7,19,0
2022-07-20,2022,7,20,0
2022-07-21,2022,7,21,0
2022-07-22,2022,7,22,0
2022-07-25,2022,7,25,0
2022-07-26,2022,7,26,0
2022-07-27,2022,7,27,0
2022-07-28,2022,7,28,0
2022-07-29,2022,7,29,0
2022-08-01,2022,8,1,1
2022-08-02,2022,8,2,0
2022-08-03,2022,8,3,0
2022-08-04,2022,8,4,0
2022-08-05,2022,8,5,0
2022-08-08,2022,8,8,0
2022-08-09,2022,8,9,0
2022-08-10,2022,8,10,0
2022-08-11,2022,8,11,0
2022-08-12,2022,8,12,0
2022-08-15,2022,8,15,0
2022-08-16,2022,8,16,0
2022-08-17,2022,8,17,0
2022-08-18,2022,8,18,0
2022-08-19,2022,8,19,0
2022-08-22,2022,8,22,0
2022-08-23,2022,8,23,0
2022-08-24,2022,8,24,0
2022-08-25,2022,8,25,0
2022-08-26,2022,8,26,0
2022-08-29,2022,8,29,0
2022-08-30,2022,8,30,0
2022-08-31,2022,8,31,0
2022-09-01,2022,9,1,1
2022-09-02,2022,9,2,0
2022-09-06,2022,9,6,0
2022-09-07,2022,9,7,0
2022-09-08,2022,9,8,0
2022-09-09,2022,9,9,0
2022-09-12,2022,9,12,0
2022-09-13,2022,9,13,0
2022-09-14,2022,9,14,0
2022-09-15,2022,9,15,0
2022-09-16,2022,9,16,0
2022-09-19,2022,9,19,0
2022-09-20,2022,9,20,0
2022-09-21,2022,9,21,0
2022-09-22,2022,9,22,0
2022-09-23,2022,9,23,0
2022-09-26,2022,9,26,0
2022-09-27,2022,9,27,0
2022-09-28,2022,9,28,0
2022-09-29,2022,9,29,0
2022-09-30,2022,9,30,0
2022-10-03,2022,10,3,1
2022-10-04,2022,10,4,0
2022-10-05,2022,10,5,0
2022-10-06,2022,10,6,0
2022-10-07,2022,10,7,0
2022-10-10,2022,10,10,0
2022-10-11,2022,10,11,0
2022-10-12,2022,10,12,0
2022-10-13,2022,10,13,0
2022-10-14,2022,10,14,0
2022-10-17,2022,10,17,0
2022-10-18,2022,10,18,0
2022-10-19,2022,10,19,0
2022-10-20,2022,10,20,0
2022-10-21,2022,10,21,0
2022-10-24,2022,10,24,0
2022-10-25,2022,10,25,0
2022-10-26,2022,10,26,0
2022-10-27,2022,10,27,0
2022-10-28,2022,10,28,0
2022-10-31,2022,10,31,0
2022-11-01,2022,11,1,1
2022-11-02,2022,11,2,0
2022-11-03,2022,11,3,0
2022-11-04,2022,11,4,0
2022-11-07,2022,11,7,0
2022-11-08,2022,11,8,0
2022-11-09,2022,11,9,0
2022-11-10,2022,11,10,0
2022-11-11,2022,11,11,0
2022-11-14,2022,11,14,0
2022-11-15,2022,11,15,0
2022-11-16,2022,11,16,0
2022-11-17,2022,11,17,0
2022-11-18,2022,11,18,0
2022-11-21,2022,11,21,0
2022-11-22,2022,11,22,0
2022-11-23,2022,11,23,0
2022-11-25,2022,11,25,0
2022-11-28,2022,11,28,0
2022-11-29,2022,11,29,0
2022-11-30,2022,11,30,0
2022-12-01,2022,12,1,1
2022-12-02,2022,12,2,0
2022-12-05,2022,12,5,0
2022-12-06,2022,12,6,0
2022-12-07,2022,12,7,0
2022-12-08,2022,12,8,0
2022-12-09,2022,12,9,0
2022-12-12,2022,12,12,0
2022-12-13,2022,12,13,0
2022-12-14,2022,12,14,0
2022-12-15,2022,12,15,0
2022-12-16,2022,12,16,0
2022-12-19,2022,12,19,0
2022-12-20,2022,12,20,0
2022-12-21,2022,12,21,0
2022-12-22,2022,12,22,0
2022-12-23,2022,12,23,0
2022-12-27,2022,12,27,0
2022-12-28,2022,12,28,0
2022-12-29,2022,12,29,0
2022-12-30,2022,12,30,0
2023-01-03,2023,1,3,1
2023-01-04,2023,1,4,0
2023-01-05,2023,1,5,0
2023-01-06,2023,1,6,0
2023-01-09,2023,1,9,0
2023-01-10,2023,1,10,0
2023-01-11,2023,1,11,0
2023-01-12,2023,1,12,0
2023-01-13,2023,1,13,0
2023-01-17,2023,1,17,0
2023-01-18,2023,1,18,0
2023-01-19,2023,1,19,0
2023-01-20,2023,1,20,0
2023-01-23,2023,1,23,0
2023-01-24,2023,1,24,0
2023-01-25,2023,1,25,0
2023-01-26,2023,1,26,0
2023-01-27,2023,1,27,0
2023-01-30,2023,1,30,0
2023-01-31,2023,1,31,0
2023-02-01,2023,2,1,1
2023-02-02,2023,2,2,0
2023-02-03,2023,2,3,0
2023-02-06,2023,2,6,0
2023-02-07,2023,2,7,0
2023-02-08,2023,2,8,0
2023-02-09,2023,2,9,0
2023-02-10,2023,2,10,0
2023-02-13,2023,2,13,0
2023-02-14,2023,2,14,0
2023-02-15,2023,2,15,0
2023-02-16,2023,2,16,0
2023-02-17,2023,2,17,0
2023-02-21,2023,2,21,0
2023-02-22,2023,2,22,0
2023-02-23,2023,2,23,0
2023-02-24,2023,2,24,0
2023-02-27,2023,2,27,0
2023-02-28,2023,2,28,0
2023-03-01,2023,3,1,1
2023-03-02,2023,3,2,0
2023-03-03,2023,3,3,0
2023-03-06,2023,3,6,0
2023-03-07,2023,3,7,0
2023-03-08,2023,3,8,0
2023-03-09,2023,3,9,0
2023-03-10,2023,3,10,0
2023-03-13,2023,3,13,0
2023-03-14,2023,3,14,0
2023-03-15,2023,3,15,0
2023-03-16,2023,3,16,0
2023-03-17,2023,3,17,0
2023-03-20,2023,3,20,0
2023-03-21,2023,3,21,0
2023-03-22,2023,3,22,0
2023-03-23,2023,3,23,0
2023-03-24,2023,3,24,0
2023-03-27,2023,3,27,0
2023-03-28,2023,3,28,0
2023-03-29,2023,3,29,0
2023-03-30,2023,3,30,0
2023-03-31,2023,3,31,0
2023-04-03,2023,4,3,1
2023-04-04,2023,4,4,0
2023-04-05,2023,4,5,0
2023-04-06,2023,4,6,0
2023-04-10,2023,4,10,0
2023-04-11,2023,4,11,0
2023-04-12,2023,4,12,0
2023-04-13,2023,4,13,0
2023-04-14,2023,4,14,0
2023-04-17,2023,4,17,0
2023-04-18,2023,4,18,0
2023-04-19,2023,4,19,0
2023-04-20,2023,4,20,0
2023-04-21,2023,4,21,0
2023-04-24,2023,4,24,0
2023-04-25,2023,4,25,0
2023-04-26,2023,4,26,0
2023-04-27,2023,4,27,0
2023-04-28,2023,4,28,0
2023-05-01,2023,5,1,1
2023-05-02,2023,5,2,0
2023-05-03,2023,5,3,0
2023-05-04,2023,5,4,0
2023-05-05,2023,5,5,0
2023-05-08,2023,5,8,0
2023-05-09,2023,5,9,0
2023-05-10,2023,5,10,0
2023-05-11,2023,5,11,0
2023-05-12,2023,5,12,0
2023-05-15,2023,5,15,0
2023-05-16,2023,5,16,0
2023-05-17,2023,5,17,0
2023-05-18,2023,5,18,0
2023-05-19,2023,5,19,0
2023-05-22,2023,5,22,0
2023-05-23,2023,5,23,0
2023-05-24,2023,5,24,0
2023-05-25,2023,5,25,0
2023-05-26,2023,5,26,0
2023-05-30,2023,5,30,0
2023-05-31,2023,5,31,0
2023-06-01,2023,6,1,1
2023-06-02,2023,6,2,0
2023-06-05,2023,6,5,0
2023-06-06,2023,6,6,0
2023-06-07,2023,6,7,0
2023-06-08,2023,6,8,0
2023-06-09,2023,6,9,0
2023-06-12,2023,6,12,0
2023-06-13,2023,6,13,0
2023-06-14,2023,6,14,0
2023-06-15,2023,6,15,0
2023-06-16,2023,6,16,0
2023-06-20,2023,6,20,0
2023-06-21,2023,6,21,0
2023-06-22,2023,6,22,0
2023-06-23,2023,6,23,0
2023-06-26,2023,6,26,0
2023-06-27,2023,6,27,0
2023-06-28,2023,6,28,0
2023-06-29,2023,6,29,0
2023-06-30,2023,6,30,0
2023-07-03,2023,7,3,1
2023-07-05,2023,7,5,0
2023-07-06,2023,7,6,0
2023-07-07,2023,7,7,0
2023-07-10,2023,7,10,0
2023-07-11,2023,7,11,0
2023-07-12,2023,7,12,0
2023-07-13,2023,7,13,0
2023-07-14,2023,7,14,0
2023-07-17,2023,7,17,0
2023-07-18,2023,7,18,0
2023-07-19,2023,7,19,0
2023-07-20,2023,7,20,0
2023-07-21,2023,7,21,0
2023-07-24,2023,7,24,0
2023-07-25,2023,7,25,0
2023-07-26,2023,7,26,0
2023-07-27,2023,7,27,0
2023-07-28,2023,7,28,0
2023-07-31,2023,7,31,0
2023-08-01,2023,8,1,1
2023-08-02,2023,8,2,0
2023-08-03,2023,8,3,0
2023-08-04,2023,8,4,0
2023-08-07,2023,8,7,0
2023-08-08,2023,8,8,0
2023-08-09,2023,8,9,0
2023-08-10,2023,8,10,0
2023-08-11,2023,8,11,0
2023-08-14,2023,8,14,0
2023-08-15,2023,8,15,0
2023-08-16,2023,8,16,0
2023-08-17,2023,8,17,0
2023-08-18,2023,8,18,0
2023-08-21,2023,8,21,0
2023-08-22,2023,8,22,0
2023-08-23,2023,8,23,0
2023-08-24,2023,8,24,0
2023-08-25,2023,8,25,0
2023-08-28,2023,8,28,0
2023-08-29,2023,8,29,0
2023-08-30,2023,8,30,0
2023-08-31,2023,8,31,0
2023-09-01,2023,9,1,1
2023-09-05,2023,9,5,0
2023-09-06,2023,9,6,0
2023-09-07,2023,9,7,0
2023-09-08,2023,9,8,0
2023-09-11,2023,9,11,0
2023-09-12,2023,9,12,0
2023-09-13,2023,9,13,0
2023-09-14,2023,9,14,0
2023-09-15,2023,9,15,0
2023-09-18,2023,9,18,0
2023-09-19,2023,9,19,0
2023-09-20,2023,9,20,0
2023-09-21,2023,9,21,0
2023-09-22,2023,9,22,0
2023-09-25,2023,9,25,0
2023-09-26,2023,9,26,0
2023-09-27,2023,9,27,0
2023-09-28,2023,9,28,0
2023-09-29,2023,9,29,0
2023-10-02,2023,10,2,1
2023-10-03,2023,10,3,0
2023-10-04,2023,10,4,0
2023-10-05,2023,10,5,0
2023-10-06,2023,10,6,0
2023-10-09,2023,10,9,0
2023-10-10,2023,10,10,0
2023-10-11,2023,10,11,0
2023-10-12,2023,10,12,0
2023-10-13,2023,10,13,0
2023-10-16,2023,10,16,0
2023-10-17,2023,10,17,0
2023-10-18,2023,10,18,0
2023-10-19,2023,10,19,0
2023-10-20,2023,10,20,0
2023-10-23,2023,10,23,0
2023-10-24,2023,10,24,0
2023-10-25,2023,10,25,0
2023-10-26,2023,10,26,0
2023-10-27,2023,10,27,0
2023-10-30,2023,10,30,0
2023-10-31,2023,10,31,0
2023-11-01,2023,11,1,1
2023-11-02,2023,11,2,0
2023-11-03,2023,11,3,0
2023-11-06,2023,11,6,0
2023-11-07,2023,11,7,0
2023-11-08,2023,11,8,0
2023-11-09,2023,11,9,0
2023-11-10,2023,11,10,0
2023-11-13,2023,11,13,0
2023-11-14,2023,11,14,0
2023-11-15,2023,11,15,0
2023-11-16,2023,11,16,0
2023-11-17,2023,11,17,0
2023-11-20,2023,11,20,0
2023-11-21,2023,11,21,0
2023-11-22,2023,11,22,0
2023-11-24,2023,11,24,0
2023-11-27,2023,11,27,0
2023-11-28,2023,11,28,0
2023-11-29,2023,11,29,0
